{"x":1079.9456134518082,"y":-30.889272928844505}