{"x":868.8690096029732,"y":1994.9273655223078}