{"x":32.18192199101128,"y":116.65540621449543}