{"x":711.3690096029732,"y":1282.9273655223078}