{"x":1266.4457352984743,"y":-381.4662184988926}