{"x":-408.75256759011967,"y":-174.76960577527439}