{"x":700.0206428229517,"y":663.898482725872}