{"x":-324.38472738076837,"y":-146.17706297722486}