{"x":235.59296638229682,"y":-36.830049162142984}