{"x":944.6980767459056,"y":-342.20849397123186}