{"x":-29.904466436955687,"y":169.59943154423976}