{"x":1304.3009787498884,"y":-349.04293182645324}