{"x":-550.1856174173474,"y":-99.42634054855205}