{"x":45306.36904157768,"y":18930.818885731675}