{"x":-636.1309903970268,"y":-20.072634477692077}