{"x":-83.20788207093648,"y":-86.94916180715825}