{"x":-453.3074450267777,"y":404.71567263876045}