{"x":21680.33904157769,"y":4826.15888573168}