{"x":-795.1666666666666,"y":-317.3333333333333}