{"x":308.1775162777847,"y":59.563279115116075}