{"x":-31593.485244867283,"y":2930.439136123534}