{"x":830.7605815107156,"y":1227.7378397789932}