{"x":1170.1148676907314,"y":-34.92586935687268}