{"x":-177.83385831083888,"y":895.1009364851154}